,,Tony Portfolio Prova,,,,,,,,Currency:,EUR,,,,365-Day,Trendy Chart,,,,,,,,,,,,,,
,,,,,,,,,,,,,,,Screener,,BIT:LCCN,BIT:SWDA,BIT:PHAU,BIT:EMI,BIT:VECA,,,,,,,,,
,,,,,,Portfolio Cost:,,"7.045,27",,Daily Portfolio Change:,,"-4,74","-0,05%",,,,,,,,,,,Geographical Distribution,,,Asset Graph Data,,,
,,,,,,Unrealised ROI:,,"26,16%",,,,,,,Name,,-,iShares Core MSCI World UCITS ETF USD (Acc),-,Amundi Euro Gov Inflation-Linked Bond UCITS ETF A,Vanguard EUR Corporate Bond UCITS ETF EUR Acc,,,Country,Market Value,,Asset Ticker,Unrealised ROI,Total Cost,Market Value
,,,,,,Unrealised P/L:,,"1.843,26",,Top Performer Today:,,Worst Performer Today:,,,Ticker Currency,,-,EUR,-,EUR,EUR,,,Italy,"26.553,03",,ACWIA.MI,"52,24%","394,22","600,15"
,,,,,,,,,,BIT:CMOD,"0,94%",BIT:VECA,"-0,21%",,Current Price,,,"111,95",,"167,95","53,27",,,United States,"15.734,16",,ADAEUR,"-66,67%","11,45","3,82"
,,,,,,Cash Dividends:,,"0,00",,Top Performer Overall:,,Worst Performer Overall:,,,Daily % Change,,,"0,12%",,"-0,10%","-0,21%",,,European Union,"495,71",,BIT:A500,"90,94%","123,34","235,50"
,,,Portfolio Market Value,,,Cash Interest:,,"0,00",,BIT:A500,"90,94%",ADAEUR,"-66,67%",,Daily Change,,,"$0,13",,"-$0,16","-$0,11",,,China,"414,00",,BIT:CMOD,"22,14%","203,35","248,38"
,,"8.888,53",,,,,,,,,,,,,Market Cap,,-,-,-,-,-,,,Japan,"478,08",,BIT:CSBGU7,"3,53%","119,16","123,37"
,,,,,,P/L (Income Included),,,,CAGR Since 1st Trade:,,"4,96%",,,Volume,,-,282.260,-,2.417,26.226,,,,,,BIT:EMI,"1,80%","329,97","335,90"
,,,,,,ROI:,,"26,16%",,,,,,,P/E Ratio,,-,-,-,-,-,,,,,,BIT:SWDA,"14,26%","3.135,36","3.582,40"
,,,,,,P/L:,,"1.843,26",,Stats,,,,,Beta,,-,-,-,-,-,,,,,,BIT:VECA,"-0,13%","160,02","159,81"
,,,,,,,,,,Start Date:,30-nov-2020,End Date:,4-nov-2025,,EPS,,-,-,-,-,-,,,,,,BNBEUR,"2,15%","5,96","6,09"
,,,,,,Realised P/L:,,"44,31",,Cash Deposits:,,"40.578,64",,,52-Week High,,-,"112,55",-,"169,14","53,61",,,,,,BTCEUR,"64,77%","847,94","1.397,17"
,,Number of Unique Holdings:,,16,,Total Profit / Loss,,"1.887,57",,Cash Withdrawals:,,"0,00",,,52-Week Low,,-,"82,70",-,"161,22","50,88",,,,,,EMXC.BE,"23,17%","388,16","478,08"
,,,,,,,,,,Fiat Fees:,,"2,60",,,1-Year Return,,,,,,,,,,,,ETHEUR,"25,48%","514,58","645,68"
,,,,,,,,,,Number of Trades:,,68,,,Signal,,-,Sell,-,Hodl,Sell,,,,,,LCCN.MI,"11,79%","370,33","414,00"
,,,,,,,,,,,,,,,,,,,,,,,,,,,PHAU.MI,"51,15%","426,75","645,02"
,,,,,,,,,,,,,,,,,,Portfolio by Country,,,,,,,,,SHIB-EUR,"-3,77%","8,24","7,93"
,,,,,,,,,,,,,,,,,,,,,,,,,,,SOLEUR,"-18,68%","6,44","5,24"
,,,,,,,,,,,,,,,,,,,,,,,,,,,,,,
,,,,,,,,,,,,,,,,,,,,,,,,,,,,,,
,,,,,,,,,,,,,,,,,,,,,,,,,,,,,,
,,,,,,,,,,,,,,,,,,,,,,,,,,,,,,
,,,,,,,,,,,,,,,,,,,,,,,,,,,,,,
,,,,,,,,,,,,,,,,,,,,,,,,,,,,,,
,,,,,,,,,,,,,,,,,,,,,,,,,,,,,,
,,,,,,,,,,,,,,,,,,,,,,,,,,,,,,
,,,,,,,,,,,,,,,,,,,,,,,,,,,,,,
,,,,,,,,,,,,,,,,,,,,,,,,,,,,,,
,,,,,,,,,,,,,,,,,,,,,,,,,,,,,,
,,,,,,,,,,,,,,,,,,,,,,,,,,,,,,
,,,,,,,,,,,,,,,,,,,,,,,,,,,,,,
,,,,,,,,,,,,,,,,,,,,,,,,,,,,,,
,,,,,,,,,,,,,,,,,,,,,,,,,,,,,,
,,,,,,,,,,,,,,,,,,,,,,,,,,,,,,
,,,,,,,,,,,,,,,,,,,,,,,,,,,,,,
,,,,,,,,,,,,,,,,,,,,,,,,,,,,,,
,,,,,,,,,,,,,,,,,,,,,,,,,,,,,,
,,,,,,,,,,,,,,,,,,,,,,,,,,,,,,
,,,,,,,,,,,,,,,,,,,,,,,,,,,,,,
,,,,,,,,,,,,,,,,,,,,,,,,,,,,,,
,,,,,,,,,,,,,,,,,,,,,,,,,,,,,,
,,,,,,,,,,,,,,,,,,,,,,,,,,,,,,
,,,,,,,,,,,,,,,,,,,,,,,,,,,,,,
,,,,,,,,,,,,,,,,,,,,,,,,,,,,,,
,,,,,,,,,,,,,,,,,,,,,,,,,,,,,,
,,,,,,,,,,,,,,,,,,,,,,,,,,,,,,
,,,,,,,,,,,,,,,,,,,,,,,,,,,,,,
,,,,,,,,,,,,,,,,,,,,,,,,,,,,,,
,,,,,,,,,,,,,,,,,,,,,,,,,,,,,,
,,,,,,,,,,,,,,,,,,,,,,,,,,,,,,
,,,,,,,,,,,,,,,,,,,,,,,,,,,,,,
,,,,,,,,,,,,,,,,,,,,,,,,,,,,,,
,,,,,,,,,,,,,,,,,,,,,,,,,,,,,,
,,,,,,,,,,,,,,,,,,,,,,,,,,,,,,
,,,,,,,,,,,,,,,,,,,,,,,,,,,,,,
,,,,,,,,,,,,,,,,,,,,,,,,,,,,,,
,Statistiche portafoglio,,,,,,,,,,,,,,,,,,,,,,,,,,,,,
,Anno/Mese,,,,,,,,,,,,,,,,,,,,,,,,,,,,,
,ALL,,â†’,ALL,,,,,,,Cash,TRUE,,,,,,,,,,,,,,,,,,
,,,,,,,,,,,Crypto,TRUE,,,,,,,,,,,,,,,,,,
,,,,,,,,,,,Etf,TRUE,,,,,,,,,,,,,,,,,,
,,,,,,,,,,,,,,,,,,,,,,,,,,,,,,
,,,,,,,,,,,,,,,,,,,,,,,,,,,,,,
,,,,,,,,,,,,,,,,,,,,,,,,,,,,,,
,,,,,,,,,,,,,,,,,,,,,,,,,,,,,,
,,,,,,,,,,,,,,,,,,,,,,,,,,,,,,
,,,,,,,,,,,,,,,,,,,,,,,,,,,,,,
,,,,,,,,,,,,,,,,,,,,,,,,,,,,,,
,,,,,,,,,,,, ,,,,,,,,,,,,,,,,,,
,,,,,,,,,,,,,,,,,,,,,,,,,,,,,,
,,,,,,,,,,,,,,,,,,,,,,,,,,,,,,
,,,,,,,,,,,,,,,,,,,,,,,,,,,,,,
,,,,,,,,,,,,,,,,,,,,,,,,,,,,,,
,,,,,,,,,,,,,,,,,,,,,,,,,,,,,,
,,,,,,,,,,,,,,,,,,,,,,,,,,,,,,
,,,,,,,,,,,,,,,,,,,,,,,,,,,,,,
,,,,,,,,,,,,,,,,,,,,,,,,,,,,,,
,,,,,,,,,,,,,,,,,,,,,,,,,,,,,,
,,,,,,,,,,,,,,,,,,,,,,,,,,,,,,
,,,,,,,,,,,,,,,,,,,,,,,,,,,,,,
,,,,,,,,,,,,,,,,,,,,,,,,,,,,,,
,,,,,,,,,,,,,,,,,,,,,,,,,,,,,,
,,,,,,,,,,,,,,,,,,,,,,,,,,,,,,
,,,,,,,,,,,,,,,,,,,,,,,,,,,,,,
,,,,,,,,,,,,,,,,,,,,,,,,,,,,,,
,,,,,,,,,,,,,,,,,,,,,,,,,,,,,,
,,,,,,,,,,,,,,,,,,,,,,,,,,,,,,
,,,,,,,,,,,,,,,,,,,,,,,,,,,,,,
,,,,,,,,,,,,,,,,,,,,,,,,,,,,,,
,,,,,,,,,,,,,,,,,,,,,,,,,,,,,,
,,,,,,,,,,,,,,,,,,,,,,,,,,,,,,
,,,,,,,,,,,,,,,,,,,,,,,,,,,,,,
,,,,,,,,,,,,,,,,,,,,,,,,,,,,,,
,,,,,,,,,,,,,,,,,,,,,,,,,,,,,,
,,,,,,,,,,,,,,,,,,,,,,,,,,,,,,
,,,,,,,,,,,,,,,,,,,,,,,,,,,,,,
,,,,,,,,,,,,,,,,,,,,,,,,,,,,,,
,,,,,,,,,,,,,,,,,,,,,,,,,,,,,,
,,,,,,,,,,,,,,,,,,,,,,,,,,,,,,
,,,,,,,,,,,,,,,,,,,,,,,,,,,,,,
,,,,,,,,,,,,,,,,,,,,,,,,,,,,,,
,,,,,,,,,,,,,,,,,,,,,,,,,,,,,,
,,,,,,,,,,,,,,,,,,,,,,,,,,,,,,
,Platform Breakdown,,,,,,,,,,,,,,,,,,,,,,,,,,,,,
,Totals,"40.578,64","0,00","40.578,64","43.674,98","8.888,53","34.786,45","0,00","0,00",,"0,00","0,00","0,01%","6,28","2,60",20,68,"100,00%",,,,,,,,,,,,
,Platform,Cash Deposits,Cash Withdrawals,Net Deposit,Account Value,Positions,Cash,DRIP,Crypto Interest (Fiat),,Cash Dividends,Cash Interest,Daily Portfolio % Change,Daily Portfolio Change,Fiat Fees,Holdings,Number of Trades,Platform Weight,,,,,,,,,,,,
,BBVA,"14.000,00","0,00","14.000,00","14.000,00","0,00","14.000,00","0,00","0,00",,"0,00","0,00","0,00%","0,00","0,00",0,0,"32,05%",,,,,,,,,,,,
,Binance,"0,00","0,00","0,00","2.370,89","2.370,89","0,00","0,00","0,00",,"0,00","0,00","0,00%","0,00","2,30",4,27,"5,43%",,,,,,,,,,,,
,Crypto,"0,00","0,00","0,00","26,85","26,85","0,00","0,00","0,00",,"0,00","0,00","0,00%","0,00","0,00",4,4,"0,06%",,,,,,,,,,,,
,Fineco,"5.900,00","0,00","5.900,00","6.975,64","6.822,61","153,03","0,00","0,00",,"0,00","0,00","0,09%","6,28","0,00",10,29,"15,97%",,,,,,,,,,,,
,Mercury,"2.478,64","0,00","2.478,64","2.433,42","0,00","2.433,42","0,00","0,00",,"0,00","0,00","0,00%","0,00","0,00",0,0,"5,57%",,,,,,,,,,,,
,Nexo,"0,00","0,00","0,00","-448,77","-448,77","0,00","0,00","0,00",,"0,00","0,00","0,00%","0,00","0,00",1,7,"-1,03%",,,,,,,,,,,,
,Paypal,"700,00","0,00","700,00","700,00","0,00","700,00","0,00","0,00",,"0,00","0,00","0,00%","0,00","0,00",0,0,"1,60%",,,,,,,,,,,,
,Revolut,"11.700,00","0,00","11.700,00","11.700,00","0,00","11.700,00","0,00","0,00",,"0,00","0,00","0,00%","0,00","0,00",0,0,"26,79%",,,,,,,,,,,,
,Wise,"5.800,00","0,00","5.800,00","5.800,00","0,00","5.800,00","0,00","0,00",,"0,00","0,00","0,00%","0,00","0,00",0,0,"13,28%",,,,,,,,,,,,
,Youhodler,"0,00","0,00","0,00","116,95","116,95","0,00","0,00","0,00",,"0,00","0,00","0,00%","0,00","0,30",1,1,"0,27%",,,,,,,,,,,,
,,,,,,,,,,,,,,,,,,,,,,,,,,,,,,
,,,,,,,,,,,,,,,,,,,,,,,,,,,,,,
,,,,,,,,,,,,,,,,,,,,,,,,,,,,,,
,,,,,,,,,,,,,,,,,,,,,,,,,,,,,,
,,,,,,,,,,,,,,,,,,,,,,,,,,,,,,
,,,,,,,,,,,,,,,,,,,,,,,,,,,,,,
,,,,,,,,,,,,,,,,,,,,,,,,,,,,,,
,,,,,,,,,,,,,,,,,,,,,,,,,,,,,,
,,,,,,,,,,,,,,,,,,,,,,,,,,,,,,
,,,,,,,,,,,,,,,,,,,,,,,,,,,,,,
,,,,,,,,,,,,,,,,,,,,,,,,,,,,,,
,,,,,,,,,,,,,,,,,,,,,,,,,,,,,,
,,,,,,,,,,,,,,,,,,,,,,,,,,,,,,
,Portfolio per Cryptocurrency,,,,,,,,,,,,,Crypto Breakdown per Platform,,,,,,,,,,,,,,,,
,Totals,"0,00",,,"0,00","0,00",,"0,00","0,00",,"0,00","0,00",,,,,,,,,,,,,,,,,,
,Crypto URL Name,Quantity,Avg. Purchase Price,Current Price,Cost,Current Value,Unrealised ROI,Unrealised P/L,Realised P/L,,Total Profit/Loss,Crypto Interest (Fiat Value),,,Binance,Crypto,Nexo,Youhodler,,,,,,,,,,,,
,,,,, ,,,,,,,,,ADAEUR,"0,0000","8,0000","0,0000","0,0000",,,,,,,,,,,,
,,,,,,,,,,,,,,BNBEUR,"0,0071","0,0000","0,0000","0,0000",,,,,,,,,,,,
,,,,,,,,,,,,,,BTCEUR,"0,0187","0,0000","-0,0049","0,0013",,,,,,,,,,,,
,,,,,,,,,,,,,,ETHEUR,"0,2038","0,0040","0,0000","0,0000",,,,,,,,,,,,
,,,,,,,,,,,,,,SHIB-EUR,"0,0000","1000000,0000","0,0000","0,0000",,,,,,,,,,,,
,,,,,,,,,,,,,,SOLEUR,"0,0366","0,0000","0,0000","0,0000",,,,,,,,,,,,